frame1_in_frame2,x,y,z,r,p,y
intel_in_balser,0.0824594,0.0080573,-0.0508383,0.0589111,-0.228027,-0.00902072
basler_in_intel,-0.0687585,-0.00477334,0.0685455,-0.0583844,0.22816,-0.00441851
intel_in_kuka,0.542825,-0.178787,0.2965,-2.34223,0.0340316,0.0755977
basler_in_kuka,0.468835,-0.131772,0.2545,-2.3925,-0.127886,-0.0855642
pattern_in_kuka,0.496177,0.0366333,0.190243,-1.3098,0.716759,-2.95607
pattern_in_intel,-0.0266124,-0.0753393,0.231276,2.737,-0.429273,2.4966
